<grammar version="1.0" xml:lang="fr-FR" mode="voice" root="rulelivebox" xmlns="http://www.w3.org/2001/06/grammar" tag-format="semantics/1.0">
  <rule id="rulelivebox" scope="public">
    <example>Sarah allumes la laveboxe</example>
    <tag>out.action=new Object(); </tag>
    
    <item>SARAH</item>
    <one-of>
	  <item>Tu voie la laveboxe                <tag>out.action.key="O999";</tag></item>
	  <item>Tu voie la liveboxe                <tag>out.action.key="O999";</tag></item>
      <item>allumé la laveboxe                 <tag>out.action.key="O116";</tag></item>
  	  <item>éteindre la laveboxe               <tag>out.action.key="O116";</tag></item>
      <item>coupe le son de la laveboxe        <tag>out.action.key="O113";</tag></item>
      <item>remets le son de la laveboxe       <tag>out.action.key="O113";</tag></item>
      <item>baisse le son de la laveboxe       <tag>out.action.key="O114";</tag></item>
      <item>monte le son de la laveboxe        <tag>out.action.key="O115";</tag></item>
      <item>chaine suivante					   <tag>out.action.key="O402";</tag></item>
	  <item>chaine précédente				   <tag>out.action.key="O403";</tag></item>
	  <item>augmente le son de la laveboxe     <tag>out.action.key="O115";</tag></item>
      <item>mets la laveboxe sur pause         <tag>out.action.key="O164";</tag></item>
      <item>mets sur pause la laveboxe         <tag>out.action.key="O164";</tag></item>
      <item>mets la lavebox en lecture         <tag>out.action.key="O164";</tag></item>
      <item>mets en lecture la lavebox         <tag>out.action.key="O164";</tag></item>
      <item>mets en avance rapide la laveboxe  <tag>out.action.key="O159";</tag></item>
	  <item>mets en retour rapide la laveboxe  <tag>out.action.key="O168";</tag></item>
      <item>les infos du programme             <tag>out.action.key="O108";</tag></item>
      <item>enlève les infos                   <tag>out.action.key="O158";</tag></item>
      <item>laveboxe OK                        <tag>out.action.key="O352";</tag></item>
      <item>laveboxe menu                      <tag>out.action.key="O139";</tag></item>
      <item>laveboxe droit                     <tag>out.action.key="O106";</tag></item>
      <item>laveboxe gauche                    <tag>out.action.key="O105";</tag></item>
      <item>laveboxe haut                      <tag>out.action.key="O103";</tag></item>
      <item>laveboxe bas                       <tag>out.action.key="O108";</tag></item>
      <item>laveboxe retour                    <tag>out.action.key="O158";</tag></item>
	  <item>laveboxe v.o.d                     <tag>out.action.key="O393";</tag></item>
      <item>mets la laveboxe en enregistrements   <tag>out.action.key="O167";</tag></item>
      <item>zappe sur</item>
     </one-of>

    <item repeat="0-1">
    <one-of>
	       <item>TF1				<tag>out.action.key="1";out.action.msg="je zappe sur TF1"</tag></item>
		   <item>France 2			<tag>out.action.key="2";out.action.msg="je zappe sur France 2"</tag></item>
		   <item>France 3			<tag>out.action.key="3";out.action.msg="je zappe sur France 3"</tag></item>
		   <item>Canal plus			<tag>out.action.key="4";out.action.msg="je zappe sur Canal plus"</tag></item>
		   <item>France 5			<tag>out.action.key="5";out.action.msg="je zappe sur France 5"</tag></item>
		   <item>M6					<tag>out.action.key="6";out.action.msg="je zappe sur M6"</tag></item>
		   <item>Arte				<tag>out.action.key="7";out.action.msg="je zappe sur Arte"</tag></item>
		   <item>D8					<tag>out.action.key="8";out.action.msg="je zappe sur D8"</tag></item>
		   <item>W 9				<tag>out.action.key="9";out.action.msg="je zappe sur W9"</tag></item>
		   <item>TMC				<tag>out.action.key="10";out.action.msg="je zappe sur TMC"</tag></item>
		   <item>NT1				<tag>out.action.key="11";out.action.msg="je zappe sur NT1"</tag></item>
		   <item>NRJ 12				<tag>out.action.key="12";out.action.msg="je zappe sur NRJ 12"</tag></item>
		   <item>LCP				<tag>out.action.key="13";out.action.msg="je zappe sur LCP"</tag></item>
           <item>La Chaine Parlementaire<tag>out.action.key="13";out.action.msg="je zappe sur LCP"</tag></item>
		   <item>France 4			<tag>out.action.key="14";out.action.msg="je zappe sur France 4"</tag></item>
		   <item>BFM TV				<tag>out.action.key="15";out.action.msg="je zappe sur BFM TV"</tag></item>
		   <item>I-Télé				<tag>out.action.key="16";out.action.msg="je zappe sur I-Télé"</tag></item>
		   <item>D17				<tag>out.action.key="17";out.action.msg="je zappe sur D17";</tag></item>
		   <item>Gulli				<tag>out.action.key="18";out.action.msg="je zappe sur Gulli"</tag></item>
		   <item>France O			<tag>out.action.key="19";out.action.msg="je zappe sur France O"</tag></item>
           <item>HD1				<tag>out.action.key="20";out.action.msg="je zappe sur HD1"</tag></item>
		   <item>L'équipe			<tag>out.action.key="21";out.action.msg="je zappe sur l'équipe 21"</tag></item>
		   <item>6 ter				<tag>out.action.key="22";out.action.msg="je zappe sur 6 ter"</tag></item>
		   <item>Numéro 23			<tag>out.action.key="23";out.action.msg="je zappe sur Numéro 23"</tag></item>
		   <item>RMC decouverte	    <tag>out.action.key="24";out.action.msg="je zappe sur RMC decouverte"</tag></item>
           <item>Chérie				<tag>out.action.key="25";out.action.msg="je zappe sur Chérie 25"</tag></item>
		   <item>TEVA			    <tag>out.action.key="30";out.action.msg="je zappe sur Teva"</tag></item>
		   <item>TV5 Monde			<tag>out.action.key="33";out.action.msg="je zappe sur TV5 Monde"</tag></item>
		   <item>Paris premiere		<tag>out.action.key="34";out.action.msg="je zappe sur Paris premiere"</tag></item>
		   <item>RTL9		        <tag>out.action.key="35";out.action.msg="je zappe sur RTL9"</tag></item>
		   <item>Vivolta			<tag>out.action.key="38";out.action.msg="je zappe sur Vivolta"</tag></item>
		   <item>AB1				<tag>out.action.key="39";out.action.msg="je zappe sur AB1"</tag></item>
		   <item>Cine + premier		<tag>out.action.key="57";out.action.msg="je zappe sur Cine + premier"</tag></item>
		   <item>Cine + Emotion		<tag>out.action.key="59";out.action.msg="je zappe sur Cine + Emotion"</tag></item>
           <item>NRJ Hits		    <tag>out.action.key="59";out.action.msg="je zappe sur NRJ Hits"</tag></item>
		   <item>RMC				<tag>out.action.key="40";out.action.msg="je zappe sur RMC Découverte"</tag></item>
           <item>Disney Channel	    <tag>out.action.key="65";out.action.msg="je zappe sur Disney Channel"</tag></item>
		   <item>Game One plus un   <tag>out.action.key="66";out.action.msg="je zappe sur Game One plus un"</tag></item>
		   <item>Clubbing TV		<tag>out.action.key="72";out.action.msg="je zappe sur Clubbing TV"</tag></item>
		   <item>TV5				<tag>out.action.key="79";out.action.msg="je zappe sur TV5 Monde"</tag></item>
		   <item>AB moteur			<tag>out.action.key="39";out.action.msg="je zappe sur ABmoteur"</tag></item>
           <item>France 24		    <tag>out.action.key="95";out.action.msg="je zappe sur France 24"</tag></item>
		   <item>TVE				<tag>out.action.key="433";out.action.msg="je zappe TVE"</tag></item>
		   <item>Antenne 3			<tag>out.action.key="433";out.action.msg="je zappe Antenne 3"</tag></item>
          </one-of>
    </item>	  

    <tag>out.action._attributes.uri="http://127.0.0.1:8080/sarah/liveboxtv";</tag>
  </rule> 
</grammar>
